timestamp,open,high,low,close,volume
2021-12-31 17:15:00,144.7,144.7,144.7,144.7,8300
2021-12-31 16:45:00,144.7,144.7,144.7,144.7,8000
2021-12-31 16:30:00,144.7,144.7,144.7,144.7,2240
2021-12-31 16:15:00,144.843,144.875,144.843,144.875,4000
2021-12-31 16:00:00,144.679,144.898,144.679,144.701,3536020
2021-12-31 15:45:00,145.304,145.35,144.677,144.679,1527040
2021-12-31 15:30:00,145.256,145.396,145.117,145.264,152660
2021-12-31 15:15:00,145.137,145.314,145.065,145.287,109060
2021-12-31 15:00:00,145.065,145.353,145.065,145.15,91140
2021-12-31 14:45:00,145.263,145.3,145.0,145.071,310920
2021-12-31 14:30:00,145.13,145.294,145.13,145.278,75240
2021-12-31 14:15:00,145.281,145.281,145.097,145.116,75140
2021-12-31 14:00:00,145.371,145.454,145.255,145.275,57660
2021-12-31 13:45:00,145.417,145.433,145.305,145.371,74260
2021-12-31 13:30:00,145.64,145.749,145.47,145.47,69980
2021-12-31 13:15:00,145.569,145.746,145.568,145.676,47940
2021-12-31 13:00:00,145.587,145.688,145.587,145.646,11100
2021-12-31 12:45:00,145.411,145.616,145.372,145.596,91900
2021-12-31 12:30:00,145.445,145.644,145.442,145.45,59240
2021-12-31 12:15:00,145.348,145.61,145.21,145.51,126860
2021-12-31 12:00:00,145.539,145.695,145.349,145.349,100680
2021-12-31 11:45:00,145.662,145.747,145.508,145.534,128740
2021-12-31 11:30:00,145.748,145.78,145.563,145.639,130560
2021-12-31 11:15:00,145.492,145.77,145.491,145.766,147580
2021-12-31 11:00:00,145.619,145.653,145.231,145.543,278640
2021-12-31 10:45:00,145.586,145.841,145.5,145.559,91200
2021-12-31 10:30:00,145.964,145.963,145.417,145.497,78140
2021-12-31 10:15:00,145.735,146.044,145.721,146.004,82380
2021-12-31 10:00:00,145.501,145.739,145.165,145.601,89140
2021-12-31 09:45:00,145.975,145.974,145.377,145.553,92320
2021-12-31 09:30:00,145.544,146.365,145.456,145.901,506540
2021-12-31 09:15:00,146.1,146.1,146.1,146.1,48320
2021-12-31 09:00:00,146.003,146.002,146.002,146.003,269240
2021-12-31 08:15:00,146.1,146.1,146.1,146.1,4000
2021-12-30 19:15:00,145.9,145.9,145.9,145.9,2600
2021-12-30 17:30:00,145.7,145.7,145.7,145.7,18000
2021-12-30 16:00:00,146.003,146.002,146.002,146.003,1256780
2021-12-30 15:45:00,146.006,146.224,145.758,146.033,530920
2021-12-30 15:30:00,146.367,146.372,146.09,146.143,64220
2021-12-30 15:15:00,146.412,146.462,146.35,146.358,43300
2021-12-30 15:00:00,146.43,146.471,146.364,146.364,47980
2021-12-30 14:45:00,146.248,146.359,146.197,146.36,149540
2021-12-30 14:30:00,146.434,146.433,146.229,146.338,217120
2021-12-30 14:15:00,146.364,146.446,146.272,146.434,88920
2021-12-30 14:00:00,146.395,146.463,146.319,146.362,124360
2021-12-30 13:45:00,146.433,146.449,146.349,146.423,46720
2021-12-30 13:30:00,146.471,146.58,146.45,146.45,65660
2021-12-30 13:15:00,146.293,146.5,146.293,146.456,101540
2021-12-30 13:00:00,146.195,146.239,146.144,146.15,30000
2021-12-30 12:45:00,146.305,146.402,146.156,146.2,144480
2021-12-30 12:30:00,146.418,146.47,146.264,146.358,146000
2021-12-30 12:15:00,146.705,146.705,146.382,146.415,81820
2021-12-30 12:00:00,146.637,146.799,146.63,146.698,115600
2021-12-30 11:45:00,146.456,146.58,146.351,146.58,42000
2021-12-30 11:30:00,146.679,146.679,146.431,146.432,128260
2021-12-30 11:15:00,146.685,146.731,146.477,146.628,46040
2021-12-30 11:00:00,146.484,146.765,146.368,146.686,65960
2021-12-30 10:45:00,146.853,146.853,146.483,146.483,53060
2021-12-30 10:30:00,146.986,147.025,146.858,146.934,55240
2021-12-30 10:15:00,146.927,147.062,146.856,146.955,106440
2021-12-30 10:00:00,146.393,147.052,146.321,147.053,159820
2021-12-30 09:45:00,146.12,146.577,146.12,146.391,60000
2021-12-30 09:30:00,146.409,146.575,145.879,145.949,614820
2021-12-30 09:15:00,146.757,146.783,146.001,146.35,37320
2021-12-30 09:00:00,146.504,146.504,146.505,146.505,20600
2021-12-30 08:00:00,147.0,147.0,146.95,146.95,4220
2021-12-29 18:00:00,146.378,146.378,146.378,146.378,4000
2021-12-29 16:15:00,146.49,146.49,146.49,146.49,3600
2021-12-29 16:00:00,146.504,146.504,146.4,146.4,1433040
2021-12-29 15:45:00,146.705,146.8,146.463,146.5,463860
2021-12-29 15:30:00,146.422,146.744,146.4,146.735,250860
2021-12-29 15:15:00,146.354,146.432,146.263,146.414,246540
2021-12-29 15:00:00,146.212,146.399,146.197,146.358,197540
2021-12-29 14:45:00,145.978,146.21,145.944,146.199,185180
2021-12-29 14:30:00,145.859,145.964,145.836,145.944,118020
2021-12-29 14:15:00,145.808,145.922,145.749,145.872,93760
2021-12-29 14:00:00,145.746,145.863,145.697,145.864,58520
2021-12-29 13:45:00,145.661,145.835,145.567,145.738,103300
2021-12-29 13:30:00,145.68,145.8,145.62,145.7,85580
2021-12-29 13:15:00,145.723,145.775,145.652,145.67,86000
2021-12-29 13:00:00,145.64,145.792,145.637,145.755,121340
2021-12-29 12:45:00,145.728,145.74,145.505,145.643,87180
2021-12-29 12:30:00,145.648,145.852,145.578,145.729,104480
2021-12-29 12:15:00,145.955,145.955,145.618,145.618,146360
2021-12-29 12:00:00,145.827,145.982,145.774,145.946,123380
2021-12-29 11:45:00,146.017,146.019,145.837,145.837,109200
2021-12-29 11:30:00,146.047,146.098,145.892,145.965,97560
2021-12-29 11:15:00,146.249,146.341,146.055,146.055,124940
2021-12-29 11:00:00,146.172,146.5,146.094,146.27,225000
2021-12-29 10:45:00,146.388,146.47,146.242,146.246,121600
2021-12-29 10:30:00,146.35,146.424,146.1,146.425,214320
2021-12-29 10:15:00,146.426,146.479,146.243,146.345,275060
2021-12-29 10:00:00,146.788,146.906,146.451,146.484,224260
2021-12-29 09:45:00,146.816,147.184,146.639,146.774,245340
2021-12-29 09:30:00,146.599,146.869,146.295,146.68,460600
2021-12-29 08:00:00,147.149,147.149,147.15,147.15,4000
2021-12-28 17:00:00,146.625,146.625,146.625,146.625,2000
2021-12-28 16:45:00,146.448,146.448,146.448,146.448,125720
2021-12-28 16:15:00,146.448,146.448,146.448,146.448,12700
2021-12-28 16:00:00,146.448,146.6,146.448,146.448,1396660
2021-12-28 15:45:00,146.481,146.65,146.251,146.458,863700
2021-12-28 15:30:00,146.154,146.554,146.154,146.491,234340
2021-12-28 15:15:00,146.302,146.334,146.144,146.156,241900
2021-12-28 15:00:00,146.256,146.334,146.119,146.313,125000
2021-12-28 14:45:00,146.26,146.407,146.163,146.285,85120
2021-12-28 14:30:00,146.322,146.414,146.225,146.297,113940
2021-12-28 14:15:00,146.312,146.416,146.281,146.381,154500
2021-12-28 14:00:00,146.366,146.376,146.118,146.238,165300
2021-12-28 13:45:00,146.05,146.376,145.936,146.312,166180
2021-12-28 13:30:00,146.308,146.355,146.051,146.051,99780
2021-12-28 13:15:00,146.293,146.355,146.195,146.355,133460
2021-12-28 13:00:00,146.529,146.529,146.268,146.268,133560
2021-12-28 12:45:00,146.18,146.542,146.181,146.526,113640
2021-12-28 12:30:00,146.356,146.418,146.107,146.194,131160
2021-12-28 12:15:00,146.65,146.708,146.41,146.41,166120
2021-12-28 12:00:00,146.897,146.897,146.71,146.749,93700
2021-12-28 11:45:00,146.724,146.931,146.7,146.87,109000
2021-12-28 11:30:00,147.035,147.035,146.468,146.746,187460
2021-12-28 11:15:00,146.975,147.067,146.756,147.039,288860
2021-12-28 11:00:00,147.095,147.212,147.0,147.032,211780
2021-12-28 10:45:00,147.05,147.548,146.928,147.096,211020
2021-12-28 10:30:00,147.127,147.543,147.0,147.097,355460
2021-12-28 10:15:00,147.164,147.341,147.005,147.201,173920
2021-12-28 10:00:00,147.337,147.427,147.155,147.181,171180
2021-12-28 09:45:00,147.559,147.559,147.035,147.365,322160
2021-12-28 09:30:00,148.374,148.374,147.206,147.562,535380
2021-12-28 08:15:00,148.5,148.5,148.5,148.5,2000
2021-12-28 07:15:00,148.75,148.75,148.75,148.75,4060
2021-12-27 16:00:00,148.064,148.064,148.064,148.064,2332580
2021-12-27 15:45:00,147.899,148.114,147.785,148.005,392740
2021-12-27 15:30:00,147.758,147.894,147.747,147.888,132560
2021-12-27 15:15:00,147.783,147.783,147.581,147.749,141160
2021-12-27 15:00:00,147.798,147.798,147.657,147.676,87180
2021-12-27 14:45:00,147.715,147.857,147.656,147.754,126840
2021-12-27 14:30:00,147.77,147.77,147.669,147.702,201440
2021-12-27 14:15:00,147.898,147.898,147.786,147.788,100260
2021-12-27 14:00:00,148.034,148.044,147.862,147.861,97160
2021-12-27 13:45:00,148.049,148.058,147.983,148.031,68380
2021-12-27 13:30:00,148.031,148.056,147.95,148.055,77940
2021-12-27 13:15:00,148.119,148.134,148.019,148.063,88900
2021-12-27 13:00:00,147.938,148.099,147.936,148.09,92040
2021-12-27 12:45:00,147.87,147.977,147.867,147.977,74060
2021-12-27 12:30:00,147.67,147.953,147.67,147.841,102780
2021-12-27 12:15:00,147.714,147.755,147.569,147.673,92860
2021-12-27 12:00:00,147.653,147.7,147.551,147.669,146320
2021-12-27 11:45:00,147.993,147.993,147.675,147.675,88620
2021-12-27 11:30:00,148.056,148.074,147.921,147.969,36460
2021-12-27 11:15:00,148.074,148.133,147.955,148.115,101180
2021-12-27 11:00:00,148.285,148.296,148.104,148.235,90400
2021-12-27 10:45:00,148.205,148.3,148.135,148.241,84580
2021-12-27 10:30:00,148.35,148.426,148.231,148.294,111400
2021-12-27 10:15:00,147.768,148.25,147.738,148.25,112000
2021-12-27 10:00:00,147.78,147.945,147.731,147.758,76080
2021-12-27 09:45:00,148.065,148.09,147.535,147.778,122000
2021-12-27 09:30:00,147.463,148.392,147.25,148.191,506720
2021-12-27 09:15:00,147.6,147.6,147.6,147.6,2000
2021-12-27 09:00:00,147.859,147.859,147.8,147.8,4000
2021-12-27 07:00:00,147.256,147.256,147.256,147.256,2120
2021-12-23 17:45:00,147.05,147.05,147.05,147.05,2040
2021-12-23 16:45:00,147.06,147.06,147.06,147.06,3620
2021-12-23 16:30:00,147.074,147.074,147.074,147.073,7560
2021-12-23 16:00:00,147.142,147.142,147.078,147.136,2117040
2021-12-23 15:45:00,147.41,147.637,147.041,147.08,472780
2021-12-23 15:30:00,147.334,147.416,147.166,147.416,262240
2021-12-23 15:15:00,147.586,147.586,147.302,147.301,78920
2021-12-23 15:00:00,147.656,147.765,147.412,147.493,74680
2021-12-23 14:45:00,147.392,147.669,147.316,147.669,116400
2021-12-23 14:30:00,147.482,147.5,147.151,147.402,142300
2021-12-23 14:15:00,147.599,147.599,147.42,147.44,105880
2021-12-23 14:00:00,147.837,147.837,147.588,147.6,156140
2021-12-23 13:45:00,147.898,147.923,147.791,147.804,67440
2021-12-23 13:30:00,148.09,148.09,147.803,147.895,60380
2021-12-23 13:15:00,148.024,148.139,147.95,148.139,76740
2021-12-23 13:00:00,148.226,148.226,147.951,148.06,55560
2021-12-23 12:45:00,148.299,148.334,148.167,148.194,136480
2021-12-23 12:30:00,148.265,148.348,148.207,148.287,64120
2021-12-23 12:15:00,148.201,148.25,148.105,148.237,67320
2021-12-23 12:00:00,148.17,148.3,148.15,148.283,69320
2021-12-23 11:45:00,148.37,148.425,148.069,148.196,94180
2021-12-23 11:30:00,148.031,148.573,148.012,148.407,139040
2021-12-23 11:15:00,148.3,148.365,147.988,147.991,147740
2021-12-23 11:00:00,147.945,148.29,147.897,148.29,88000
2021-12-23 10:45:00,147.196,147.969,147.196,147.952,164540
2021-12-23 10:30:00,147.731,147.735,147.197,147.196,126800
2021-12-23 10:15:00,147.685,147.912,147.611,147.759,65620
2021-12-23 10:00:00,147.681,147.759,147.438,147.683,51140
2021-12-23 09:45:00,147.444,147.656,147.127,147.656,273800
2021-12-23 09:30:00,147.089,147.918,146.951,147.302,373520
2021-12-23 09:15:00,146.606,146.606,146.606,146.606,2000
2021-12-23 09:00:00,147.0,147.0,146.612,146.612,4000
2021-12-23 08:30:00,146.8,146.8,146.8,146.8,3520
2021-12-23 07:30:00,147.05,147.05,147.05,147.05,2000
2021-12-22 16:00:00,146.949,147.1,146.949,146.949,2375060
2021-12-22 15:45:00,146.502,146.995,146.448,146.949,672560
2021-12-22 15:30:00,146.529,146.532,146.386,146.525,102380
2021-12-22 15:15:00,146.705,146.705,146.536,146.616,89620
2021-12-22 15:00:00,146.7,146.75,146.65,146.697,104260
2021-12-22 14:45:00,146.752,146.752,146.62,146.667,111140
2021-12-22 14:30:00,146.511,146.803,146.512,146.752,45980
2021-12-22 14:15:00,146.649,146.68,146.38,146.4,130400
2021-12-22 14:00:00,146.509,146.551,146.408,146.492,78340
2021-12-22 13:45:00,146.432,146.638,146.433,146.546,67480
2021-12-22 13:30:00,146.44,146.634,146.305,146.431,88540
2021-12-22 13:15:00,146.61,146.642,146.38,146.394,74780
2021-12-22 13:00:00,146.661,146.8,146.54,146.575,59320
2021-12-22 12:45:00,146.463,146.745,146.332,146.629,200800
2021-12-22 12:30:00,146.637,146.638,146.246,146.46,100440
2021-12-22 12:15:00,147.205,147.205,146.531,146.599,137800
2021-12-22 12:00:00,147.259,147.303,146.969,147.303,209080
2021-12-22 11:45:00,147.076,147.275,146.841,147.275,112460
2021-12-22 11:30:00,146.699,147.0,146.684,146.981,120960
2021-12-22 11:15:00,146.663,146.745,146.378,146.617,92620
2021-12-22 11:00:00,146.446,146.723,146.286,146.704,144920
2021-12-22 10:45:00,146.231,146.601,146.231,146.429,149380
2021-12-22 10:30:00,145.631,146.25,145.631,146.186,113400
2021-12-22 10:15:00,145.314,145.799,145.302,145.652,146980
2021-12-22 10:00:00,145.703,145.719,145.203,145.298,224620
2021-12-22 09:45:00,145.3,145.85,145.034,145.671,382340
2021-12-22 09:30:00,144.1,145.22,143.963,145.218,642900
2021-12-21 16:30:00,144.22,144.22,144.221,144.22,248740
2021-12-21 16:00:00,144.22,144.22,143.252,144.22,1976240
2021-12-21 15:45:00,143.825,144.323,143.75,144.2,730700
2021-12-21 15:30:00,144.212,144.309,143.802,143.833,225660
2021-12-21 15:15:00,144.331,144.382,144.173,144.239,92960
2021-12-21 15:00:00,144.54,144.692,144.33,144.329,107540
2021-12-21 14:45:00,144.154,144.571,144.147,144.542,188420
2021-12-21 14:30:00,144.46,144.578,144.093,144.156,270400
2021-12-21 14:15:00,144.44,144.505,144.276,144.439,122900
2021-12-21 14:00:00,144.242,144.519,144.22,144.417,195160
2021-12-21 13:45:00,144.399,144.421,144.072,144.213,185760
2021-12-21 13:30:00,144.327,144.427,144.051,144.427,134040
2021-12-21 13:15:00,144.015,144.405,144.015,144.253,165840
2021-12-21 13:00:00,144.304,144.382,144.0,144.0,154260
2021-12-21 12:45:00,144.027,144.297,143.99,144.276,194680
2021-12-21 12:30:00,143.778,143.95,143.652,143.95,99980
2021-12-21 12:15:00,143.491,143.707,143.45,143.707,64580
2021-12-21 12:00:00,143.295,143.648,143.098,143.515,197980
2021-12-21 11:45:00,143.423,143.465,143.125,143.268,125740
2021-12-21 11:30:00,143.0,143.445,142.808,143.418,168160
2021-12-21 11:15:00,142.852,143.007,142.683,142.964,142820
2021-12-21 11:00:00,142.326,143.003,142.23,142.942,180300
2021-12-21 10:45:00,141.84,142.27,141.735,142.27,84100
2021-12-21 10:30:00,142.027,142.027,141.77,141.9,106740
2021-12-21 10:15:00,142.461,142.724,141.953,142.027,137460
2021-12-21 10:00:00,142.071,142.437,142.033,142.382,146440
2021-12-21 09:45:00,142.718,142.718,141.889,141.977,227460
2021-12-21 09:30:00,143.15,143.448,142.231,142.42,534540
2021-12-21 08:45:00,142.401,142.401,142.402,142.401,84100
2021-12-21 08:00:00,144.045,144.045,143.85,143.85,7000
2021-12-21 04:00:00,143.15,143.15,143.15,143.15,3000
2021-12-20 16:45:00,143.0,143.0,143.0,143.0,7600
2021-12-20 16:00:00,142.401,142.401,142.402,142.401,2932060
2021-12-20 15:45:00,141.989,142.61,141.963,142.484,462180
2021-12-20 15:30:00,141.803,142.201,141.659,142.065,155500
2021-12-20 15:15:00,141.893,142.32,141.853,141.879,125600
2021-12-20 15:00:00,141.81,141.978,141.798,141.863,113320
2021-12-20 14:45:00,141.558,141.99,141.505,141.787,152320
2021-12-20 14:30:00,141.572,141.616,141.436,141.599,130860
2021-12-20 14:15:00,141.7,142.043,141.523,141.523,126960
2021-12-20 14:00:00,141.464,141.714,141.456,141.703,82300
2021-12-20 13:45:00,141.537,141.607,141.37,141.44,117140
2021-12-20 13:30:00,141.368,141.72,141.227,141.505,151540
2021-12-20 13:15:00,141.505,141.551,141.25,141.353,174780
2021-12-20 13:00:00,141.204,141.51,141.13,141.5,316560
2021-12-20 12:45:00,141.137,141.214,141.021,141.19,138140
2021-12-20 12:30:00,141.195,141.242,141.087,141.238,61900
2021-12-20 12:15:00,140.885,141.482,140.885,141.241,184440
2021-12-20 12:00:00,140.907,141.02,140.729,140.885,123060
2021-12-20 11:45:00,140.739,140.907,140.471,140.841,200160
2021-12-20 11:30:00,140.65,140.839,140.394,140.75,153840
2021-12-20 11:15:00,140.45,140.95,140.416,140.7,190600
2021-12-20 11:00:00,140.737,141.004,140.451,140.513,244740
2021-12-20 10:45:00,141.579,141.579,140.73,140.738,193040
2021-12-20 10:30:00,140.627,141.563,140.503,141.563,152220
2021-12-20 10:15:00,140.373,141.179,140.25,140.718,288720
2021-12-20 10:00:00,141.054,141.222,140.293,140.293,308600
2021-12-20 09:45:00,141.717,141.735,140.984,141.099,317420
2021-12-20 09:30:00,140.964,141.9,140.513,141.736,793540
2021-12-20 08:00:00,141.235,141.235,140.8,141.157,10880
2021-12-17 19:45:00,144.838,144.838,144.838,144.838,63060
2021-12-17 18:15:00,142.803,142.803,142.803,142.803,78760
2021-12-17 17:15:00,143.0,143.0,143.0,143.0,2940
2021-12-17 16:45:00,142.921,142.921,142.921,142.921,2000
2021-12-17 16:00:00,142.803,143.1,142.803,143.05,16630860
2021-12-17 15:45:00,143.353,143.414,142.566,142.692,1166380
2021-12-17 15:30:00,143.665,143.722,143.116,143.426,214420
2021-12-17 15:15:00,143.678,143.767,143.531,143.714,103200
2021-12-17 15:00:00,143.786,144.082,143.646,143.678,100540
2021-12-17 14:45:00,144.144,144.46,143.674,143.753,145320
2021-12-17 14:30:00,144.11,144.203,143.995,144.203,77200
2021-12-17 14:15:00,144.103,144.229,143.786,143.88,75000
2021-12-17 14:00:00,144.017,144.257,143.85,144.155,84200
2021-12-17 13:45:00,143.672,144.031,143.604,144.01,112260
2021-12-17 13:30:00,144.099,144.12,143.456,143.596,151160
2021-12-17 13:15:00,143.285,144.098,143.285,144.098,94220
2021-12-17 13:00:00,143.3,143.408,143.015,143.278,87440
2021-12-17 12:45:00,143.381,143.461,142.837,143.279,160580
2021-12-17 12:30:00,143.011,143.685,143.011,143.362,129180
2021-12-17 12:15:00,143.204,143.353,142.763,143.04,93440
2021-12-17 12:00:00,143.266,143.278,142.484,143.204,134020
2021-12-17 11:45:00,143.105,143.365,142.742,143.365,140780
2021-12-17 11:30:00,144.244,144.251,143.053,143.071,223880
2021-12-17 11:15:00,144.102,144.323,143.927,144.156,154640
2021-12-17 11:00:00,143.608,144.106,143.315,144.0,198240
2021-12-17 10:45:00,142.858,143.671,142.858,143.663,276320
2021-12-17 10:30:00,142.09,143.0,141.788,142.888,555500
2021-12-17 10:15:00,142.117,142.241,141.855,142.088,418680
2021-12-17 10:00:00,143.082,143.092,142.152,142.159,194340
2021-12-17 09:45:00,142.05,143.56,141.9,143.079,619460
2021-12-17 09:30:00,142.714,144.408,142.065,142.173,4285240
2021-12-17 09:15:00,143.0,143.0,142.714,142.747,16000
2021-12-17 08:30:00,142.9,143.037,142.9,143.037,6000
2021-12-17 08:00:00,143.157,143.157,143.157,143.157,2000
2021-12-16 18:30:00,144.834,144.834,144.834,144.834,2000
2021-12-16 17:45:00,144.599,144.599,144.599,144.599,16000
2021-12-16 16:15:00,144.795,144.795,144.795,144.795,2000
2021-12-16 16:00:00,144.838,144.853,144.761,144.853,3761960
2021-12-16 15:45:00,144.936,145.127,144.488,144.904,480020
2021-12-16 15:30:00,145.123,145.2,144.817,144.863,407060
2021-12-16 15:15:00,144.579,145.121,144.549,145.079,184780
2021-12-16 15:00:00,144.52,144.777,144.325,144.603,229480
2021-12-16 14:45:00,144.781,144.781,144.19,144.593,145880
2021-12-16 14:30:00,144.505,145.096,144.4,144.818,136660
2021-12-16 14:15:00,144.999,145.018,144.092,144.541,404540
2021-12-16 14:00:00,145.294,145.35,144.763,144.807,388480
2021-12-16 13:45:00,145.393,145.445,145.176,145.233,145040
2021-12-16 13:30:00,145.4,145.433,145.183,145.323,158200
2021-12-16 13:15:00,145.6,145.632,145.391,145.463,125900
2021-12-16 13:00:00,145.36,145.663,145.1,145.641,335900
2021-12-16 12:45:00,145.488,145.55,145.319,145.319,240680
2021-12-16 12:30:00,145.44,145.633,145.35,145.424,305820
2021-12-16 12:15:00,145.383,145.692,145.371,145.464,288260
2021-12-16 12:00:00,146.046,146.089,145.32,145.32,200760
2021-12-16 11:45:00,146.541,146.547,146.05,146.098,163920
2021-12-16 11:30:00,146.611,146.619,146.258,146.501,144320
2021-12-16 11:15:00,146.156,146.65,146.138,146.569,175020
2021-12-16 11:00:00,147.284,147.295,145.995,146.161,336460
2021-12-16 10:45:00,147.007,147.273,146.942,147.193,191180
2021-12-16 10:30:00,147.522,147.594,147.0,147.019,159340
2021-12-16 10:15:00,147.204,147.561,146.925,147.464,343180
2021-12-16 10:00:00,146.864,147.082,146.535,147.082,196980
2021-12-16 09:45:00,147.176,147.826,146.842,146.885,343960
2021-12-16 09:30:00,148.054,148.551,147.179,147.274,907040
2021-12-16 09:15:00,147.6,147.9,147.6,147.9,4000
2021-12-16 08:00:00,148.3,148.3,148.3,148.3,2000
2021-12-15 19:30:00,147.397,147.397,147.397,147.397,8000
2021-12-15 19:15:00,147.499,147.499,147.499,147.499,2000
2021-12-15 19:00:00,147.37,147.37,147.37,147.37,2120
2021-12-15 18:30:00,147.65,147.65,147.65,147.65,4000
2021-12-15 18:00:00,147.37,147.37,147.37,147.37,2000
2021-12-15 16:45:00,147.3,147.3,147.3,147.3,2800
2021-12-15 16:30:00,147.425,147.425,147.425,147.425,4000
2021-12-15 16:15:00,147.368,147.694,147.369,147.694,67560
2021-12-15 16:00:00,147.368,147.368,147.369,147.368,4726620
2021-12-15 15:45:00,146.629,147.517,146.296,147.369,891800
2021-12-15 15:30:00,146.398,146.889,146.343,146.53,522240
2021-12-15 15:15:00,145.742,146.75,145.717,146.444,243540
2021-12-15 15:00:00,144.92,145.627,144.857,145.58,231580
2021-12-15 14:45:00,144.793,145.351,144.676,144.856,208400
2021-12-15 14:30:00,144.542,145.166,144.281,144.682,165840
2021-12-15 14:15:00,144.751,145.0,144.252,144.389,177580
2021-12-15 14:00:00,143.882,145.124,143.264,144.798,468400
2021-12-15 13:45:00,143.797,143.916,143.315,143.916,69180
2021-12-15 13:30:00,143.564,143.917,143.537,143.828,90480
2021-12-15 13:15:00,143.7,143.701,143.514,143.533,69640
2021-12-15 13:00:00,143.508,143.694,143.421,143.692,105840
2021-12-15 12:45:00,143.578,143.588,143.438,143.532,175700
2021-12-15 12:30:00,143.471,143.907,143.471,143.646,277500
2021-12-15 12:15:00,143.025,143.5,143.025,143.5,128060
2021-12-15 12:00:00,143.56,143.642,142.965,143.009,93220
2021-12-15 11:45:00,143.385,143.544,143.385,143.46,52100
2021-12-15 11:30:00,143.579,143.579,143.162,143.452,121560
2021-12-15 11:15:00,143.456,143.7,143.38,143.609,202840
2021-12-15 11:00:00,143.781,143.808,143.25,143.406,188480
2021-12-15 10:45:00,144.268,144.384,143.618,143.746,203240
2021-12-15 10:30:00,143.608,144.394,143.6,144.295,289800
2021-12-15 10:15:00,143.33,143.657,143.147,143.634,194840
2021-12-15 10:00:00,143.062,143.342,142.706,143.302,219400
2021-12-15 09:45:00,143.259,143.448,142.802,143.059,228300
2021-12-15 09:30:00,144.535,144.535,143.013,143.242,673760
2021-12-15 09:15:00,144.451,144.451,144.452,144.451,2000
2021-12-14 18:00:00,145.198,145.198,145.199,145.198,2000
2021-12-14 17:30:00,144.97,144.97,144.971,144.97,451820
2021-12-14 17:15:00,145.05,145.05,145.05,145.05,2000
2021-12-14 16:00:00,144.97,145.149,144.971,145.149,2827840
2021-12-14 15:45:00,144.803,145.103,144.681,145.024,1078560
2021-12-14 15:30:00,144.845,145.245,144.713,144.901,212500
2021-12-14 15:15:00,144.426,144.945,144.395,144.927,209160
2021-12-14 15:00:00,144.103,144.7,144.104,144.5,193980
2021-12-14 14:45:00,143.998,144.072,143.893,144.047,102620
2021-12-14 14:30:00,143.869,144.052,143.744,143.948,96140
2021-12-14 14:15:00,143.81,143.951,143.667,143.906,126520
2021-12-14 14:00:00,143.556,143.934,143.484,143.775,136240
2021-12-14 13:45:00,143.482,143.567,143.325,143.448,102000
2021-12-14 13:30:00,143.4,143.687,143.393,143.458,184980
2021-12-14 13:15:00,143.336,143.433,143.29,143.42,79880
2021-12-14 13:00:00,143.579,143.752,143.25,143.289,331740
2021-12-14 12:45:00,143.303,143.549,143.3,143.492,140080
2021-12-14 12:30:00,143.335,143.453,143.253,143.302,200780
2021-12-14 12:15:00,142.995,143.389,142.863,143.379,267020
2021-12-14 12:00:00,142.893,143.294,142.854,143.01,107020
2021-12-14 11:45:00,142.715,142.893,142.618,142.893,130960
2021-12-14 11:30:00,142.675,142.8,142.588,142.648,149900
2021-12-14 11:15:00,142.744,142.775,142.309,142.735,162080
2021-12-14 11:00:00,142.699,142.984,142.66,142.781,232380
2021-12-14 10:45:00,142.654,142.939,142.369,142.474,242740
2021-12-14 10:30:00,143.144,143.471,142.501,142.575,215900
2021-12-14 10:15:00,142.242,143.438,142.243,143.097,224360
2021-12-14 10:00:00,143.283,143.283,142.404,142.404,352200
2021-12-14 09:45:00,145.03,145.031,143.221,143.311,467660
2021-12-14 09:30:00,144.782,145.442,144.5,145.064,626680
2021-12-14 09:15:00,145.344,145.344,145.345,145.344,2000
2021-12-14 09:00:00,145.497,145.497,145.35,145.35,16980
2021-12-14 08:45:00,145.3,145.3,145.3,145.3,2140
2021-12-14 08:30:00,145.548,145.548,145.548,145.548,2000
2021-12-14 05:00:00,145.55,145.55,145.55,145.55,2000
2021-12-13 18:30:00,146.704,146.704,146.705,146.704,283500
2021-12-13 16:00:00,146.704,146.704,146.705,146.704,5274820
2021-12-13 15:45:00,147.28,147.335,146.625,146.739,624280
2021-12-13 15:30:00,147.208,147.5,147.185,147.244,164580
2021-12-13 15:15:00,147.533,147.582,147.207,147.207,295000
2021-12-13 15:00:00,147.395,147.57,147.373,147.525,232040
2021-12-13 14:45:00,147.325,147.398,147.245,147.382,149880
2021-12-13 14:30:00,147.151,147.364,147.049,147.326,188000
2021-12-13 14:15:00,147.039,147.339,146.976,147.15,179220
2021-12-13 14:00:00,146.67,147.035,146.487,146.99,124820
2021-12-13 13:45:00,146.439,146.758,146.389,146.677,85340
2021-12-13 13:30:00,146.804,146.811,146.36,146.528,106960
2021-12-13 13:15:00,146.725,146.807,146.625,146.786,64400
2021-12-13 13:00:00,146.78,147.007,146.766,146.766,93220
2021-12-13 12:45:00,146.705,146.847,146.68,146.77,110580
2021-12-13 12:30:00,146.593,146.83,146.546,146.75,69000
2021-12-13 12:15:00,146.82,146.863,146.616,146.616,135260
2021-12-13 12:00:00,146.817,146.933,146.695,146.843,204640
2021-12-13 11:45:00,147.19,147.19,146.468,146.846,294740
2021-12-13 11:30:00,146.943,147.278,146.936,147.212,125720
2021-12-13 11:15:00,146.943,147.154,146.785,146.943,109220
2021-12-13 11:00:00,147.13,147.403,146.886,146.954,163580
2021-12-13 10:45:00,146.882,147.28,146.848,147.124,158200
2021-12-13 10:30:00,147.191,147.191,146.75,146.832,360060
2021-12-13 10:15:00,147.317,147.549,147.147,147.243,339980
2021-12-13 10:00:00,147.45,147.45,146.759,147.306,312940
2021-12-13 09:45:00,147.95,148.088,147.406,147.45,253220
2021-12-13 09:30:00,148.444,148.562,147.336,148.027,594420
2021-12-13 09:15:00,148.715,148.715,148.623,148.623,6160
2021-12-13 08:00:00,149.1,149.1,149.1,149.1,2000
2021-12-10 17:15:00,148.7,148.7,148.7,148.7,4000
2021-12-10 17:00:00,148.675,148.675,148.675,148.675,498780
2021-12-10 16:15:00,148.675,148.675,148.675,148.675,7060
2021-12-10 16:00:00,148.675,148.675,148.647,148.647,4484260
2021-12-10 15:45:00,148.675,148.732,148.413,148.671,936000
2021-12-10 15:30:00,148.394,148.65,148.394,148.622,316640
2021-12-10 15:15:00,148.124,148.45,148.078,148.367,146700
2021-12-10 15:00:00,148.167,148.321,147.999,148.116,175020
2021-12-10 14:45:00,148.342,148.349,148.111,148.198,103080
2021-12-10 14:30:00,148.351,148.389,148.19,148.297,107100
2021-12-10 14:15:00,148.364,148.533,148.321,148.346,121280
2021-12-10 14:00:00,148.515,148.644,148.225,148.372,174420
2021-12-10 13:45:00,148.492,148.513,148.158,148.499,137360
2021-12-10 13:30:00,148.594,148.745,148.481,148.491,154360
2021-12-10 13:15:00,148.382,148.657,148.318,148.589,146260
2021-12-10 13:00:00,148.142,148.379,148.115,148.332,116040
2021-12-10 12:45:00,148.075,148.258,148.075,148.132,78360
2021-12-10 12:30:00,148.353,148.429,148.014,148.07,108480
2021-12-10 12:15:00,148.153,148.432,147.956,148.396,114420
2021-12-10 12:00:00,148.104,148.271,147.993,148.144,134460
2021-12-10 11:45:00,147.99,148.356,147.991,148.104,176160
2021-12-10 11:30:00,148.005,148.031,147.587,147.923,117340
2021-12-10 11:15:00,147.795,148.005,147.63,148.005,167720
2021-12-10 11:00:00,147.94,148.04,147.358,147.602,179100
2021-12-10 10:45:00,148.029,148.029,147.673,148.001,157720
2021-12-10 10:30:00,148.831,148.831,147.944,148.108,239060
2021-12-10 10:15:00,148.422,148.943,148.422,148.827,220060
2021-12-10 10:00:00,148.944,149.165,148.301,148.501,361080
2021-12-10 09:45:00,148.885,149.005,148.373,148.897,299520
2021-12-10 09:30:00,149.189,149.4,148.569,148.885,710300
2021-12-10 09:15:00,149.224,149.224,149.224,149.224,10000
2021-12-10 08:45:00,149.25,149.25,149.25,149.25,8000
2021-12-10 08:30:00,148.705,149.0,148.706,149.0,6900
2021-12-10 08:00:00,148.277,148.987,148.278,148.987,6000
2021-12-09 17:00:00,148.001,148.001,148.002,148.001,2000
2021-12-09 16:00:00,148.106,148.106,148.021,148.053,1891520
2021-12-09 15:45:00,148.539,148.712,148.106,148.106,701000
2021-12-09 15:30:00,148.067,148.697,148.067,148.541,189800
2021-12-09 15:15:00,147.948,148.063,147.743,147.979,101580
2021-12-09 15:00:00,148.201,148.45,147.86,147.91,163480
2021-12-09 14:45:00,148.69,148.757,148.136,148.284,107300
2021-12-09 14:30:00,148.742,148.808,148.527,148.656,147620
2021-12-09 14:15:00,148.736,149.023,148.658,148.658,71800
2021-12-09 14:00:00,148.664,148.848,148.643,148.709,78400
2021-12-09 13:45:00,148.685,148.82,148.228,148.68,147440
2021-12-09 13:30:00,148.969,149.076,148.687,148.687,101860
2021-12-09 13:15:00,149.071,149.21,148.958,148.968,82000
2021-12-09 13:00:00,149.343,149.343,148.903,149.067,95660
2021-12-09 12:45:00,149.283,149.605,149.253,149.418,93660
2021-12-09 12:30:00,149.205,149.59,149.205,149.241,362320
2021-12-09 12:15:00,149.139,149.262,148.971,149.234,146980
2021-12-09 12:00:00,149.11,149.15,148.856,149.104,125660
2021-12-09 11:45:00,148.829,149.15,148.587,149.074,156280
2021-12-09 11:30:00,148.803,149.051,148.803,148.853,145960
2021-12-09 11:15:00,148.453,148.824,148.311,148.765,196160
2021-12-09 11:00:00,148.357,148.548,148.232,148.495,166640
2021-12-09 10:45:00,148.169,148.387,147.981,148.314,106840
2021-12-09 10:30:00,147.65,148.144,147.529,148.137,173360
2021-12-09 10:15:00,148.342,148.452,147.695,147.694,291180
2021-12-09 10:00:00,148.204,148.775,148.079,148.199,297380
2021-12-09 09:45:00,149.144,149.227,148.14,148.238,381940
2021-12-09 09:30:00,148.227,149.266,147.62,149.266,765180
2021-12-09 09:15:00,148.036,148.293,148.036,148.293,10820
2021-12-09 08:15:00,148.257,148.257,148.257,148.257,3640
2021-12-09 07:00:00,148.269,148.5,148.269,148.5,8000
2021-12-08 18:30:00,148.723,148.723,148.724,148.723,2000
2021-12-08 16:00:00,148.72,148.72,148.721,148.72,3589600
2021-12-08 15:45:00,147.974,148.88,147.965,148.727,666680
2021-12-08 15:30:00,148.18,148.181,147.988,147.997,104400
2021-12-08 15:15:00,148.1,148.254,148.101,148.199,95160
2021-12-08 15:00:00,148.2,148.247,148.03,148.056,93880
2021-12-08 14:45:00,148.083,148.18,148.013,148.17,90120
2021-12-08 14:30:00,148.39,148.479,147.918,148.06,213160
2021-12-08 14:15:00,147.872,148.469,147.679,148.396,300340
2021-12-08 14:00:00,148.041,148.145,147.803,147.803,68760
2021-12-08 13:45:00,148.345,148.345,148.05,148.059,112760
2021-12-08 13:30:00,147.924,148.253,147.858,148.253,62700
2021-12-08 13:15:00,147.971,148.113,147.971,148.02,97100
2021-12-08 13:00:00,148.147,148.149,147.891,147.891,73000
2021-12-08 12:45:00,148.188,148.247,148.077,148.107,85760
2021-12-08 12:30:00,147.843,148.19,147.804,148.19,106500
2021-12-08 12:15:00,148.042,148.049,147.76,147.883,116580
2021-12-08 12:00:00,147.672,148.05,147.625,148.05,142560
2021-12-08 11:45:00,147.699,147.744,147.55,147.698,126620
2021-12-08 11:30:00,147.884,147.96,147.601,147.616,108720
2021-12-08 11:15:00,147.473,148.037,147.474,147.981,146660
2021-12-08 11:00:00,147.341,147.482,147.2,147.471,170620
2021-12-08 10:45:00,147.689,147.736,147.278,147.277,161940
2021-12-08 10:30:00,147.7,147.971,147.6,147.703,137980
2021-12-08 10:15:00,147.884,148.091,147.573,147.573,376000
2021-12-08 10:00:00,148.238,148.325,147.304,147.788,178300
2021-12-08 09:45:00,148.477,148.66,147.96,148.342,194360
2021-12-08 09:30:00,148.407,149.156,147.641,148.377,807940
2021-12-08 09:15:00,148.407,148.407,148.408,148.407,2080
2021-12-08 08:00:00,149.0,149.0,149.0,149.0,11500
2021-12-08 07:45:00,148.649,148.649,148.649,148.649,2600
2021-12-08 07:15:00,148.65,148.65,148.65,148.65,10000
2021-12-08 07:00:00,148.993,149.0,148.994,148.999,12000
2021-12-07 19:45:00,148.35,148.35,148.35,148.35,2000
2021-12-07 17:45:00,148.175,148.175,148.176,148.175,4000
2021-12-07 16:00:00,148.036,148.036,148.037,148.036,3437840
2021-12-07 15:45:00,147.54,148.156,147.421,148.072,835180
2021-12-07 15:30:00,147.474,147.663,147.446,147.54,164000
2021-12-07 15:15:00,147.876,147.916,147.4,147.484,149160
2021-12-07 15:00:00,147.841,147.962,147.647,147.852,193600
2021-12-07 14:45:00,148.029,148.029,147.802,147.87,162600
2021-12-07 14:30:00,148.056,148.056,147.7,147.999,132920
2021-12-07 14:15:00,148.105,148.279,147.988,148.065,174200
2021-12-07 14:00:00,148.112,148.122,147.984,148.11,127100
2021-12-07 13:45:00,148.001,148.3,147.954,148.21,151060
2021-12-07 13:30:00,147.658,148.025,147.625,148.002,174880
2021-12-07 13:15:00,147.641,147.709,147.562,147.64,104760
2021-12-07 13:00:00,147.712,147.749,147.487,147.627,88040
2021-12-07 12:45:00,147.696,147.793,147.574,147.763,118540
2021-12-07 12:30:00,147.435,147.853,147.407,147.705,130300
2021-12-07 12:15:00,147.852,147.852,147.285,147.53,194160
2021-12-07 12:00:00,147.829,148.0,147.727,147.852,155780
2021-12-07 11:45:00,148.005,148.068,147.6,147.799,369560
2021-12-07 11:30:00,148.0,148.051,147.7,147.953,473060
2021-12-07 11:15:00,147.563,147.812,147.468,147.783,202500
2021-12-07 11:00:00,147.87,147.99,147.545,147.557,205580
2021-12-07 10:45:00,147.647,147.795,147.41,147.795,269820
2021-12-07 10:30:00,146.88,147.602,146.88,147.588,253320
2021-12-07 10:15:00,147.434,147.466,146.715,146.866,205560
2021-12-07 10:00:00,146.778,147.383,146.661,147.369,284180
2021-12-07 09:45:00,146.054,146.829,146.009,146.829,491100
2021-12-07 09:30:00,145.95,146.725,145.703,145.935,995620
2021-12-07 09:15:00,146.053,146.053,146.053,146.053,4000
2021-12-07 09:00:00,145.975,145.975,145.975,145.975,2000
2021-12-07 08:30:00,146.2,146.2,146.1,146.1,14000
2021-12-07 08:15:00,146.102,146.102,146.103,146.102,2000
2021-12-07 08:00:00,146.15,146.2,146.15,146.2,12000
2021-12-07 07:45:00,146.075,146.075,146.075,146.075,2000
2021-12-07 05:45:00,146.0,146.0,146.0,146.0,2300
2021-12-06 17:30:00,143.8,143.8,143.801,143.8,2000
2021-12-06 17:15:00,143.796,143.796,143.797,143.796,52800
2021-12-06 17:00:00,144.149,144.149,144.15,144.149,8000
2021-12-06 16:00:00,143.796,143.796,143.797,143.796,3984000
2021-12-06 15:45:00,143.856,143.897,143.604,143.796,628400
2021-12-06 15:30:00,143.795,143.955,143.666,143.87,171660
2021-12-06 15:15:00,143.773,144.106,143.742,143.793,127000
2021-12-06 15:00:00,143.579,143.758,143.43,143.732,175580
2021-12-06 14:45:00,143.872,144.029,143.577,143.576,124980
2021-12-06 14:30:00,144.009,144.071,143.802,143.801,116700
2021-12-06 14:15:00,144.05,144.193,143.858,144.003,120280
2021-12-06 14:00:00,144.3,144.351,144.091,144.091,188000
2021-12-06 13:45:00,143.952,144.312,143.953,144.279,139880
2021-12-06 13:30:00,143.82,144.199,143.75,143.972,192340
2021-12-06 13:15:00,143.421,143.861,143.316,143.793,139220
2021-12-06 13:00:00,143.589,143.618,143.35,143.35,115280
2021-12-06 12:45:00,143.111,143.553,143.112,143.547,140220
2021-12-06 12:30:00,142.961,143.122,142.935,143.047,152160
2021-12-06 12:15:00,142.684,143.132,142.595,143.084,147940
2021-12-06 12:00:00,142.186,142.732,142.187,142.65,211480
2021-12-06 11:45:00,142.568,142.703,142.101,142.106,117820
2021-12-06 11:30:00,141.948,142.513,141.924,142.446,139360
2021-12-06 11:15:00,141.978,142.207,141.745,141.858,177780
2021-12-06 11:00:00,142.225,142.543,142.0,142.0,186340
2021-12-06 10:45:00,141.544,142.255,141.403,142.2,284520
2021-12-06 10:30:00,142.493,142.5,141.464,141.472,240760
2021-12-06 10:15:00,142.432,142.715,142.131,142.5,252500
2021-12-06 10:00:00,141.338,142.25,141.193,142.212,445760
2021-12-06 09:45:00,141.45,141.81,140.647,141.554,431020
2021-12-06 09:30:00,143.574,143.788,140.678,141.449,1105300
2021-12-06 09:15:00,142.6,143.463,142.6,143.464,20720
2021-12-06 09:00:00,142.401,142.5,142.402,142.5,4000
2021-12-06 08:45:00,142.5,142.5,142.1,142.1,11160
2021-12-06 08:30:00,142.3,142.85,142.3,142.85,14000
2021-12-06 08:15:00,142.425,142.425,142.308,142.308,6000
2021-12-06 08:00:00,142.499,142.499,142.3,142.3,10920
2021-12-06 07:15:00,142.45,142.45,142.05,142.05,19480
2021-12-06 07:00:00,142.499,142.499,142.5,142.5,3000
2021-12-03 19:15:00,142.413,142.413,142.413,142.413,3080
2021-12-03 17:15:00,142.474,142.475,142.475,142.475,6000
2021-12-03 17:00:00,142.393,142.395,142.394,142.395,10000
2021-12-03 16:45:00,142.4,142.4,142.4,142.4,7600
2021-12-03 16:15:00,142.427,142.427,142.392,142.392,4700
2021-12-03 16:00:00,142.52,142.555,142.457,142.457,2918800
2021-12-03 15:45:00,141.508,142.921,141.15,142.625,1505260
2021-12-03 15:30:00,141.701,142.006,141.449,141.505,262420
2021-12-03 15:15:00,141.399,141.821,141.33,141.615,368080
2021-12-03 15:00:00,141.425,141.694,141.238,141.436,224320
2021-12-03 14:45:00,141.603,141.763,141.322,141.487,188500
2021-12-03 14:30:00,141.739,141.76,141.344,141.607,177980
2021-12-03 14:15:00,141.837,141.981,141.353,141.728,233140
2021-12-03 14:00:00,141.603,142.019,141.587,141.894,121720
2021-12-03 13:45:00,141.545,141.78,141.349,141.551,181280
2021-12-03 13:30:00,141.859,141.926,141.484,141.548,207480
2021-12-03 13:15:00,142.158,142.371,141.818,141.884,147780
2021-12-03 13:00:00,141.858,142.305,141.739,141.972,170760
2021-12-03 12:45:00,141.993,142.007,141.568,141.776,180380
2021-12-03 12:30:00,142.0,142.327,141.75,141.907,219100
2021-12-03 12:15:00,141.789,142.138,141.789,142.04,279960
2021-12-03 12:00:00,141.39,141.873,141.349,141.739,170100
2021-12-03 11:45:00,141.489,141.798,141.418,141.418,265280
2021-12-03 11:30:00,142.161,142.364,141.619,141.685,177280
2021-12-03 11:15:00,141.877,142.3,141.394,142.231,199100
2021-12-03 11:00:00,141.603,141.96,141.184,141.88,290800
2021-12-03 10:45:00,141.932,142.0,141.402,141.733,301420
2021-12-03 10:30:00,143.41,143.457,141.855,141.855,232620
2021-12-03 10:15:00,143.585,144.0,143.35,143.487,342640
2021-12-03 10:00:00,144.054,144.081,143.227,143.587,369520
2021-12-03 09:45:00,144.619,144.796,143.704,143.908,395340
2021-12-03 09:30:00,144.495,145.213,144.21,144.481,604900
2021-12-03 08:45:00,144.2,144.2,144.0,144.0,8000
2021-12-03 08:30:00,144.644,144.95,144.56,144.845,14200
2021-12-03 08:15:00,144.432,144.447,144.433,144.433,6000
2021-12-03 07:15:00,143.989,143.989,143.99,143.99,6000
2021-12-02 19:00:00,143.037,143.037,143.038,143.038,2000
2021-12-02 18:45:00,143.275,143.275,143.275,143.275,4000
2021-12-02 18:15:00,143.777,143.777,142.821,142.827,6000
2021-12-02 16:00:00,143.776,143.776,143.628,143.769,3595100
2021-12-02 15:45:00,144.485,144.531,143.367,143.826,816500
2021-12-02 15:30:00,144.133,144.675,144.066,144.427,156760
2021-12-02 15:15:00,144.063,144.163,143.821,143.892,102280
2021-12-02 15:00:00,144.101,144.378,143.827,144.033,137700
2021-12-02 14:45:00,144.28,144.333,144.1,144.1,171680
2021-12-02 14:30:00,144.0,144.3,143.95,144.246,69760
2021-12-02 14:15:00,143.823,144.081,143.803,144.081,116380
2021-12-02 14:00:00,143.94,144.0,143.696,143.75,75800
2021-12-02 13:45:00,143.531,144.022,143.35,144.022,58580
2021-12-02 13:30:00,143.389,143.89,143.285,143.569,123320
2021-12-02 13:15:00,144.066,144.107,143.325,143.393,156160
2021-12-02 13:00:00,143.915,144.111,143.57,144.018,123920
2021-12-02 12:45:00,143.932,144.112,143.789,143.972,123680
2021-12-02 12:30:00,143.97,144.138,143.809,143.938,131180
2021-12-02 12:15:00,143.983,144.138,143.837,144.016,149480
2021-12-02 12:00:00,143.431,143.914,143.282,143.887,80880
2021-12-02 11:45:00,143.011,143.581,142.818,143.379,107440
2021-12-02 11:30:00,143.783,143.863,142.901,143.061,166880
2021-12-02 11:15:00,143.5,143.961,143.414,143.877,143040
2021-12-02 11:00:00,142.719,143.371,142.305,143.359,255940
2021-12-02 10:45:00,142.154,143.026,142.109,142.774,155980
2021-12-02 10:30:00,143.248,143.279,142.018,142.018,199280
2021-12-02 10:15:00,142.75,143.275,142.663,143.118,175900
2021-12-02 10:00:00,143.403,143.941,142.989,143.01,338820
2021-12-02 09:45:00,142.244,143.37,142.104,143.371,330780
2021-12-02 09:30:00,141.824,142.57,140.982,142.234,890060
2021-12-02 09:15:00,142.225,142.225,142.225,142.225,6000
2021-12-02 08:15:00,142.065,142.065,141.956,141.956,17780
2021-12-02 08:00:00,142.414,142.414,142.35,142.35,7000
2021-12-02 07:30:00,141.65,141.65,141.65,141.65,2000
2021-12-02 07:15:00,142.0,142.0,142.0,142.0,3040
2021-12-02 07:00:00,142.268,142.268,142.269,142.269,2000
2021-12-02 05:30:00,142.5,142.5,142.5,142.5,2000
2021-12-02 05:15:00,142.4,142.4,142.4,142.4,2000
2021-12-02 05:00:00,142.42,142.42,142.416,142.416,4000
2021-12-01 18:45:00,142.25,142.325,142.125,142.325,22800
2021-12-01 18:15:00,142.249,142.249,142.25,142.25,2000
2021-12-01 18:00:00,142.0,142.1,142.0,142.1,5320
2021-12-01 16:30:00,141.55,141.55,141.55,141.55,3800
2021-12-01 16:15:00,141.57,141.57,141.57,141.57,4000
2021-12-01 16:00:00,141.618,141.618,141.4,141.501,3056960
2021-12-01 15:45:00,143.168,143.168,141.5,141.608,1403720
2021-12-01 15:30:00,142.906,143.25,142.703,143.238,333880
2021-12-01 15:15:00,143.423,143.435,142.75,142.993,379620
2021-12-01 15:00:00,144.007,144.066,143.295,143.526,239280
2021-12-01 14:45:00,143.942,144.344,143.903,143.99,111740
2021-12-01 14:30:00,144.322,144.5,143.975,144.01,137740
2021-12-01 14:15:00,143.988,144.433,143.745,144.334,272180
2021-12-01 14:00:00,144.506,144.534,143.75,144.082,291220
2021-12-01 13:45:00,144.556,144.65,144.091,144.538,173540
2021-12-01 13:30:00,144.673,144.705,144.348,144.523,267580
2021-12-01 13:15:00,144.354,144.674,144.2,144.674,110760
2021-12-01 13:00:00,144.75,145.042,144.225,144.385,200100
2021-12-01 12:45:00,145.37,145.448,144.72,144.72,180320
2021-12-01 12:30:00,145.323,145.421,144.936,145.289,136100
2021-12-01 12:15:00,145.535,145.794,145.167,145.167,111580
2021-12-01 12:00:00,145.2,145.634,145.117,145.5,191200
2021-12-01 11:45:00,145.986,146.154,145.173,145.197,240500
2021-12-01 11:30:00,146.241,146.288,145.846,145.981,155080
2021-12-01 11:15:00,146.355,146.422,146.111,146.163,232380
2021-12-01 11:00:00,146.024,146.499,145.91,146.408,353660
2021-12-01 10:45:00,145.847,146.167,145.815,145.986,365120
2021-12-01 10:30:00,145.63,146.049,145.529,145.754,480220
2021-12-01 10:15:00,145.339,145.742,145.196,145.572,373640
2021-12-01 10:00:00,144.996,145.75,144.996,145.27,372960
2021-12-01 09:45:00,144.302,145.129,144.268,144.911,386160
2021-12-01 09:30:00,144.212,144.749,143.498,144.444,1077060
2021-12-01 09:15:00,144.522,144.522,144.05,144.377,13100
2021-12-01 09:00:00,144.452,144.55,144.4,144.55,40220
2021-12-01 08:45:00,144.443,144.443,144.443,144.443,7200
2021-12-01 08:30:00,144.4,144.45,144.4,144.45,4000
2021-12-01 08:15:00,144.4,144.4,144.4,144.4,2380
2021-12-01 08:00:00,144.75,144.75,144.525,144.525,8000
2021-12-01 07:45:00,144.7,144.7,144.7,144.7,2000
2021-12-01 06:15:00,144.5,144.5,144.5,144.5,2000
2021-12-01 04:45:00,144.65,144.65,144.65,144.65,2000
2021-12-01 04:00:00,144.65,144.65,144.65,144.65,2000
